01JHNKJ3QF2H7001TJF3RC9W01,01JHNK4AS496J5RYTHPBC9FHA9,manager,0288884123,2025-01-16 01:30:57,2025-01-16 01:30:57
01JHNKJ3QF32XPSTQ69HTTJF7S,01JHNK4AS4XANZDBEVCFZZSRRY,manager,0235123456,2025-01-16 01:30:57,2025-01-16 01:30:57
01JHNKJ3QF391NXPK7HH8D1C17,01JHNK4AS49R4ZBKD9ETN86M1J,manager,0285678901,2025-01-16 01:30:57,2025-01-16 01:30:57
01JHNKJ3QF55X9XS6KET93G3K5,01JHNK4AS4DY32G26V37T0V2R9,manager,0283948123,2025-01-16 01:30:57,2025-01-16 01:30:57
01JHNKJ3QF8WZC0B97RPPXT95H,01JHNK4AS3CXYG07PTXQH2CGVE,manager,0243786123,2025-01-16 01:30:57,2025-01-16 01:30:57
01JHNKJ3QFAVWZWH5VE7CE10K1,01JHNK4AS4S7E60SPXP25SFE3G,manager,0243129876,2025-01-16 01:30:57,2025-01-16 01:30:57
01JHNKJ3QFB3MG5FY1MSSP7FBK,01JHNK4AS4ERRE0PK6TR8VPQF4,manager,0235456789,2025-01-16 01:30:57,2025-01-16 01:30:57
01JHNKJ3QFCZA1JGN53P0WR61H,01JHNK4AS49BZQDF4W6FBPDBWA,manager,0236348123,2025-01-16 01:30:57,2025-01-16 01:30:57
01JHNKJ3QFN3TVED6WHW60Q76S,01JHNK4AS3BYN1J97HGE8PAYX3,manager,0283765489,2025-01-16 01:30:57,2025-01-16 01:30:57
01JHNKJ3QFVYJNB7FD1H7D2T6R,01JHNK4AS4W6TVKX8DCP7N83W8,manager,0247891234,2025-01-16 01:30:57,2025-01-16 01:30:57
01JHNNMTWRDGR7FWWDNF1JS570,01JHNK4AS4DY32G26V37T0V2R9,shipper,0283948123,2025-01-16 02:05:28,2025-01-16 02:05:28
01JHNNMTWREQ8TXEDD3MB7B3N9,01JHNK4AS49BZQDF4W6FBPDBWA,shipper,0236348123,2025-01-16 02:05:28,2025-01-16 02:05:28
01JHNNMTWRG70BX2CKT23BMV3P,01JHNK4AS4XANZDBEVCFZZSRRY,shipper,0235123456,2025-01-16 02:05:28,2025-01-16 02:05:28
01JHNNMTWRGQEBWTMA4GVAFRMN,01JHNK4AS4ERRE0PK6TR8VPQF4,shipper,0235456789,2025-01-16 02:05:28,2025-01-16 02:05:28
01JHNNMTWRHJMQX0Y2BR734CJK,01JHNK4AS496J5RYTHPBC9FHA9,shipper,0288884123,2025-01-16 02:05:28,2025-01-16 02:05:28
01JHNNMTWRJTSF9PR9XG2TVVR3,01JHNK4AS3CXYG07PTXQH2CGVE,shipper,0243786123,2025-01-16 02:05:28,2025-01-16 02:05:28
01JHNNMTWRQT1Y6EK98E5AJB4E,01JHNK4AS4S7E60SPXP25SFE3G,shipper,0243129876,2025-01-16 02:05:28,2025-01-16 02:05:28
01JHNNMTWRZQ3B161P6C3Q4ZP5,01JHNK4AS49R4ZBKD9ETN86M1J,shipper,0285678901,2025-01-16 02:05:28,2025-01-16 02:05:28
01JHNNMTWSEW7JY0DVMKQ5HDTK,01JHNK4AS3BYN1J97HGE8PAYX3,shipper,0283765489,2025-01-16 02:05:28,2025-01-16 02:05:28
01JHNNMTWSVMJ6SPEAXDP7WRT8,01JHNK4AS4W6TVKX8DCP7N83W8,shipper,0247891234,2025-01-16 02:05:28,2025-01-16 02:05:28
01JHNNRW9X0NEK27NNAZ3MW42J,01JHNK4AS3CXYG07PTXQH2CGVE,officer,0243129876,2025-01-16 02:07:46,2025-01-16 02:07:46
01JHNNRW9X1302QG62ER4SW68F,01JHNK4AS4DY32G26V37T0V2R9,officer,0236348123,2025-01-16 02:07:46,2025-01-16 02:07:46
01JHNNRW9X5WTXJFN5DC08QQHY,01JHNK4AS49BZQDF4W6FBPDBWA,officer,0235123456,2025-01-16 02:07:46,2025-01-16 02:07:46
01JHNNRW9XBAC5ATHZVMG77BSP,01JHNK4AS4ERRE0PK6TR8VPQF4,officer,0236348123,2025-01-16 02:07:46,2025-01-16 02:07:46
01JHNNRW9XFRCXC5DP0E4MJV8C,01JHNK4AS4W6TVKX8DCP7N83W8,officer,0283948123,2025-01-16 02:07:46,2025-01-16 02:07:46
01JHNNRW9XP6DAVWZX3B0MHW9E,01JHNK4AS4S7E60SPXP25SFE3G,officer,0235456789,2025-01-16 02:07:46,2025-01-16 02:07:46
01JHNNRW9XPXFHY17X24MWFVZE,01JHNK4AS49BZQDF4W6FBPDBWA,officer,0283765489,2025-01-16 02:07:46,2025-01-16 02:07:46
01JHNNRW9XVD3T3JAJHA6WTS22,01JHNK4AS3BYN1J97HGE8PAYX3,officer,0247891234,2025-01-16 02:07:46,2025-01-16 02:07:46
01JHNNRW9Y2BXC81FHRBAQ4K80,01JHNK4AS4ERRE0PK6TR8VPQF4,officer,0288884123,2025-01-16 02:07:46,2025-01-16 02:07:46
01JHNNRW9YMD1XXB1WK7GSQS4P,01JHNK4AS4XANZDBEVCFZZSRRY,officer,0235456789,2025-01-16 02:07:46,2025-01-16 02:07:46
